<?xml version="1.0" encoding="UTF-8" standalone="yes"?>
<Content>
    <Views>
        <ViewDef id="e535a16d-56e7-4158-9536-6f25cd378d54">
            <Title>VMignite.com - vROPS Alerts</Title>
            <Description>Lists the summary about the Nodes disk partition utilisation across different Nodes in your environment.</Description>
            <SubjectType adapterKind="System" filter="[[{&quot;filterType&quot;:&quot;metrics&quot;,&quot;metricKey&quot;:&quot;objectType&quot;,&quot;condition&quot;:&quot;CONTAINS&quot;,&quot;metricValue&quot;:{&quot;values&quot;:[&quot;vRealize Operations Node&quot;]}},{&quot;filterType&quot;:&quot;metrics&quot;,&quot;metricKey&quot;:&quot;status&quot;,&quot;condition&quot;:&quot;EQUALS&quot;,&quot;metricValue&quot;:{&quot;values&quot;:[&quot;ALERT_STATUS_ACTIVE&quot;]}}]]" resourceKind="alert" type="descendant"/>
            <SubjectType adapterKind="System" filter="[[{&quot;filterType&quot;:&quot;metrics&quot;,&quot;metricKey&quot;:&quot;objectType&quot;,&quot;condition&quot;:&quot;CONTAINS&quot;,&quot;metricValue&quot;:{&quot;values&quot;:[&quot;vRealize Operations Node&quot;]}},{&quot;filterType&quot;:&quot;metrics&quot;,&quot;metricKey&quot;:&quot;status&quot;,&quot;condition&quot;:&quot;EQUALS&quot;,&quot;metricValue&quot;:{&quot;values&quot;:[&quot;ALERT_STATUS_ACTIVE&quot;]}}]]" resourceKind="alert" type="self"/>
            <Usage>dashboard</Usage>
            <Usage>report</Usage>
            <Usage>details</Usage>
            <Usage>content</Usage>
            <Controls>
                <Control id="time-interval-selector_id_977" type="time-interval-selector" visible="false">
                    <Property name="advancedTimeMode" value="true"/>
                    <Property name="unit" value="DAYS"/>
                    <Property name="count" value="7"/>
                    <Property name="startPeriod" value="PREVIOUS"/>
                    <Property name="endPeriod" value="NOW"/>
                </Control>
                <Control id="attributes-selector_id_978" type="attributes-selector" visible="false">
                    <Property name="attributeInfos">
                        <List>
                            <Item>
<Value>
    <Property name="objectType" value="RESOURCE"/>
    <Property name="attributeKey" value="resourceName"/>
    <Property name="isStringAttribute" value="true"/>
    <Property name="adapterKind" value="System"/>
    <Property name="resourceKind" value="alert"/>
    <Property name="rollUpCount" value="0"/>
    <Property name="transformations">
        <List>
            <Item value="CURRENT"/>
        </List>
    </Property>
    <Property name="isProperty" value="false"/>
    <Property name="addTimestampAsColumn" value="false"/>
    <Property name="isShowRelativeTimestamp" value="false"/>
</Value>
                            </Item>
                            <Item>
<Value>
    <Property name="objectType" value="RESOURCE"/>
    <Property name="attributeKey" value="creationDate"/>
    <Property name="isStringAttribute" value="true"/>
    <Property name="adapterKind" value="System"/>
    <Property name="resourceKind" value="alert"/>
    <Property name="rollUpCount" value="0"/>
    <Property name="transformations">
        <List>
            <Item value="CURRENT"/>
        </List>
    </Property>
    <Property name="isProperty" value="false"/>
    <Property name="addTimestampAsColumn" value="false"/>
    <Property name="isShowRelativeTimestamp" value="false"/>
</Value>
                            </Item>
                            <Item>
<Value>
    <Property name="objectType" value="RESOURCE"/>
    <Property name="attributeKey" value="duration"/>
    <Property name="isStringAttribute" value="true"/>
    <Property name="adapterKind" value="System"/>
    <Property name="resourceKind" value="alert"/>
    <Property name="rollUpCount" value="0"/>
    <Property name="transformations">
        <List>
            <Item value="CURRENT"/>
        </List>
    </Property>
    <Property name="isProperty" value="false"/>
    <Property name="addTimestampAsColumn" value="false"/>
    <Property name="isShowRelativeTimestamp" value="false"/>
</Value>
                            </Item>
                            <Item>
<Value>
    <Property name="objectType" value="RESOURCE"/>
    <Property name="attributeKey" value="criticalityLevel"/>
    <Property name="isStringAttribute" value="true"/>
    <Property name="adapterKind" value="System"/>
    <Property name="resourceKind" value="alert"/>
    <Property name="rollUpCount" value="0"/>
    <Property name="transformations">
        <List>
            <Item value="CURRENT"/>
        </List>
    </Property>
    <Property name="isProperty" value="false"/>
    <Property name="addTimestampAsColumn" value="false"/>
    <Property name="isShowRelativeTimestamp" value="false"/>
</Value>
                            </Item>
                            <Item>
<Value>
    <Property name="objectType" value="RESOURCE"/>
    <Property name="attributeKey" value="status"/>
    <Property name="isStringAttribute" value="true"/>
    <Property name="adapterKind" value="System"/>
    <Property name="resourceKind" value="alert"/>
    <Property name="rollUpCount" value="0"/>
    <Property name="transformations">
        <List>
            <Item value="CURRENT"/>
        </List>
    </Property>
    <Property name="isProperty" value="false"/>
    <Property name="addTimestampAsColumn" value="false"/>
    <Property name="isShowRelativeTimestamp" value="false"/>
</Value>
                            </Item>
                        </List>
                    </Property>
                </Control>
                <Control id="pagination-control_id_979" type="pagination-control" visible="true">
                    <Property name="start" value="0"/>
                    <Property name="size" value="50"/>
                </Control>
                <Control id="metadata_id_980" type="metadata" visible="false">
                    <Property name="maxPointsCount" value="5000"/>
                    <Property name="distributionColor" value="6870C4"/>
                    <Property name="hideObjectNameColumn" value="false"/>
                    <Property name="listTopResultSize" value="-1"/>
                </Control>
            </Controls>
            <DataProviders>
                <DataProvider dataType="list-view" id="list-view_id_976"/>
            </DataProviders>
            <Presentation type="list"/>
        </ViewDef>
        <ViewDef id="2950dde1-7522-4a0e-a156-aa80ac27c90c">
            <Title>VMignite.com - vROps Nodes Disk Partition Utilization</Title>
            <Description>Lists the summary about the Nodes disk partition utilisation across different Nodes in your environment.</Description>
            <SubjectType adapterKind="vCenter Operations Adapter" resourceKind="vC-Ops-Node" type="descendant"/>
            <SubjectType adapterKind="vCenter Operations Adapter" resourceKind="vC-Ops-Node" type="self"/>
            <Usage>dashboard</Usage>
            <Usage>report</Usage>
            <Usage>details</Usage>
            <Usage>content</Usage>
            <Controls>
                <Control id="time-interval-selector_id_987" type="time-interval-selector" visible="false">
                    <Property name="advancedTimeMode" value="true"/>
                    <Property name="unit" value="DAYS"/>
                    <Property name="count" value="7"/>
                    <Property name="startPeriod" value="PREVIOUS"/>
                    <Property name="endPeriod" value="NOW"/>
                </Control>
                <Control id="attributes-selector_id_988" type="attributes-selector" visible="false">
                    <Property name="attributeInfos">
                        <List>
                            <Item>
<Value>
    <Property name="objectType" value="RESOURCE"/>
    <Property name="attributeKey" value="disk|db|workload"/>
    <Property name="preferredUnitId" value="percent"/>
    <Property name="isStringAttribute" value="false"/>
    <Property name="adapterKind" value="vCenter Operations Adapter"/>
    <Property name="resourceKind" value="vC-Ops-Node"/>
    <Property name="rollUpType" value="NONE"/>
    <Property name="rollUpCount" value="0"/>
    <Property name="transformations">
        <List>
            <Item value="CURRENT"/>
        </List>
    </Property>
    <Property name="sortCriteria" value="false"/>
    <Property name="isProperty" value="false"/>
    <Property name="yellowBound" value="70"/>
    <Property name="orangeBound" value="80"/>
    <Property name="redBound" value="90"/>
    <Property name="ascendingRange" value="false"/>
    <Property name="displayName" value="Used %"/>
    <Property name="addTimestampAsColumn" value="false"/>
    <Property name="isShowRelativeTimestamp" value="false"/>
</Value>
                            </Item>
                            <Item>
<Value>
    <Property name="objectType" value="RESOURCE"/>
    <Property name="attributeKey" value="disk|db|available"/>
    <Property name="preferredUnitId" value="gb"/>
    <Property name="isStringAttribute" value="false"/>
    <Property name="adapterKind" value="vCenter Operations Adapter"/>
    <Property name="resourceKind" value="vC-Ops-Node"/>
    <Property name="rollUpType" value="NONE"/>
    <Property name="rollUpCount" value="0"/>
    <Property name="transformations">
        <List>
            <Item value="CURRENT"/>
        </List>
    </Property>
    <Property name="isProperty" value="false"/>
    <Property name="yellowBound" value="100"/>
    <Property name="orangeBound" value="75"/>
    <Property name="redBound" value="50"/>
    <Property name="ascendingRange" value="true"/>
    <Property name="displayName" value="Free"/>
    <Property name="addTimestampAsColumn" value="false"/>
    <Property name="isShowRelativeTimestamp" value="false"/>
</Value>
                            </Item>
                            <Item>
<Value>
    <Property name="objectType" value="RESOURCE"/>
    <Property name="attributeKey" value="disk|db|used"/>
    <Property name="preferredUnitId" value="gb"/>
    <Property name="isStringAttribute" value="false"/>
    <Property name="adapterKind" value="vCenter Operations Adapter"/>
    <Property name="resourceKind" value="vC-Ops-Node"/>
    <Property name="rollUpType" value="NONE"/>
    <Property name="rollUpCount" value="0"/>
    <Property name="transformations">
        <List>
            <Item value="CURRENT"/>
        </List>
    </Property>
    <Property name="isProperty" value="false"/>
    <Property name="displayName" value="Used"/>
    <Property name="addTimestampAsColumn" value="false"/>
    <Property name="isShowRelativeTimestamp" value="false"/>
</Value>
                            </Item>
                            <Item>
<Value>
    <Property name="objectType" value="RESOURCE"/>
    <Property name="attributeKey" value="disk|db|total"/>
    <Property name="preferredUnitId" value="gb"/>
    <Property name="isStringAttribute" value="false"/>
    <Property name="adapterKind" value="vCenter Operations Adapter"/>
    <Property name="resourceKind" value="vC-Ops-Node"/>
    <Property name="rollUpType" value="NONE"/>
    <Property name="rollUpCount" value="0"/>
    <Property name="transformations">
        <List>
            <Item value="CURRENT"/>
        </List>
    </Property>
    <Property name="isProperty" value="false"/>
    <Property name="displayName" value="Total"/>
    <Property name="addTimestampAsColumn" value="false"/>
    <Property name="isShowRelativeTimestamp" value="false"/>
</Value>
                            </Item>
                        </List>
                    </Property>
                </Control>
                <Control id="pagination-control_id_989" type="pagination-control" visible="true">
                    <Property name="start" value="0"/>
                    <Property name="size" value="50"/>
                </Control>
                <Control id="metadata_id_990" type="metadata" visible="false">
                    <Property name="maxPointsCount" value="5000"/>
                    <Property name="distributionColor" value="6870C4"/>
                    <Property name="hideObjectNameColumn" value="false"/>
                    <Property name="listTopResultSize" value="-1"/>
                </Control>
            </Controls>
            <DataProviders>
                <DataProvider dataType="list-view" id="list-view_id_986"/>
            </DataProviders>
            <Presentation type="list"/>
        </ViewDef>
        <ViewDef id="9972b878-a5ca-4c72-8d1e-c59cb8b0f4c1">
            <Title>VMignite.com - Alert Certificate expired</Title>
            <Description/>
            <SubjectType adapterKind="System" filter="[[{&quot;filterType&quot;:&quot;metrics&quot;,&quot;metricKey&quot;:&quot;definitionName&quot;,&quot;condition&quot;:&quot;CONTAINS&quot;,&quot;metricValue&quot;:{&quot;values&quot;:[&quot;Certificate&quot;]}},{&quot;filterType&quot;:&quot;metrics&quot;,&quot;metricKey&quot;:&quot;status&quot;,&quot;condition&quot;:&quot;EQUALS&quot;,&quot;metricValue&quot;:{&quot;values&quot;:[&quot;ALERT_STATUS_ACTIVE&quot;]}}]]" resourceKind="alert" type="descendant"/>
            <SubjectType adapterKind="System" filter="[[{&quot;filterType&quot;:&quot;metrics&quot;,&quot;metricKey&quot;:&quot;definitionName&quot;,&quot;condition&quot;:&quot;CONTAINS&quot;,&quot;metricValue&quot;:{&quot;values&quot;:[&quot;Certificate&quot;]}},{&quot;filterType&quot;:&quot;metrics&quot;,&quot;metricKey&quot;:&quot;status&quot;,&quot;condition&quot;:&quot;EQUALS&quot;,&quot;metricValue&quot;:{&quot;values&quot;:[&quot;ALERT_STATUS_ACTIVE&quot;]}}]]" resourceKind="alert" type="self"/>
            <Usage>dashboard</Usage>
            <Usage>report</Usage>
            <Usage>details</Usage>
            <Usage>content</Usage>
            <Controls>
                <Control id="time-interval-selector_id_997" type="time-interval-selector" visible="false">
                    <Property name="advancedTimeMode" value="false"/>
                    <Property name="unit" value="DAYS"/>
                    <Property name="count" value="7"/>
                </Control>
                <Control id="attributes-selector_id_998" type="attributes-selector" visible="false">
                    <Property name="attributeInfos">
                        <List>
                            <Item>
<Value>
    <Property name="objectType" value="RESOURCE"/>
    <Property name="attributeKey" value="resourceName"/>
    <Property name="isStringAttribute" value="true"/>
    <Property name="adapterKind" value="System"/>
    <Property name="resourceKind" value="alert"/>
    <Property name="rollUpCount" value="0"/>
    <Property name="transformations">
        <List>
            <Item value="CURRENT"/>
        </List>
    </Property>
    <Property name="isProperty" value="false"/>
    <Property name="addTimestampAsColumn" value="false"/>
    <Property name="isShowRelativeTimestamp" value="false"/>
</Value>
                            </Item>
                            <Item>
<Value>
    <Property name="objectType" value="RESOURCE"/>
    <Property name="attributeKey" value="criticalityLevel"/>
    <Property name="isStringAttribute" value="true"/>
    <Property name="adapterKind" value="System"/>
    <Property name="resourceKind" value="alert"/>
    <Property name="rollUpCount" value="0"/>
    <Property name="transformations">
        <List>
            <Item value="CURRENT"/>
        </List>
    </Property>
    <Property name="isProperty" value="false"/>
    <Property name="addTimestampAsColumn" value="false"/>
    <Property name="isShowRelativeTimestamp" value="false"/>
</Value>
                            </Item>
                            <Item>
<Value>
    <Property name="objectType" value="RESOURCE"/>
    <Property name="attributeKey" value="creationDate"/>
    <Property name="isStringAttribute" value="true"/>
    <Property name="adapterKind" value="System"/>
    <Property name="resourceKind" value="alert"/>
    <Property name="rollUpCount" value="0"/>
    <Property name="transformations">
        <List>
            <Item value="CURRENT"/>
        </List>
    </Property>
    <Property name="isProperty" value="false"/>
    <Property name="addTimestampAsColumn" value="false"/>
    <Property name="isShowRelativeTimestamp" value="false"/>
</Value>
                            </Item>
                            <Item>
<Value>
    <Property name="objectType" value="RESOURCE"/>
    <Property name="attributeKey" value="duration"/>
    <Property name="isStringAttribute" value="true"/>
    <Property name="adapterKind" value="System"/>
    <Property name="resourceKind" value="alert"/>
    <Property name="rollUpCount" value="0"/>
    <Property name="transformations">
        <List>
            <Item value="CURRENT"/>
        </List>
    </Property>
    <Property name="isProperty" value="false"/>
    <Property name="addTimestampAsColumn" value="false"/>
    <Property name="isShowRelativeTimestamp" value="false"/>
</Value>
                            </Item>
                            <Item>
<Value>
    <Property name="objectType" value="RESOURCE"/>
    <Property name="attributeKey" value="description"/>
    <Property name="isStringAttribute" value="true"/>
    <Property name="adapterKind" value="System"/>
    <Property name="resourceKind" value="alert"/>
    <Property name="rollUpCount" value="0"/>
    <Property name="transformations">
        <List>
            <Item value="CURRENT"/>
        </List>
    </Property>
    <Property name="isProperty" value="false"/>
    <Property name="addTimestampAsColumn" value="false"/>
    <Property name="isShowRelativeTimestamp" value="false"/>
</Value>
                            </Item>
                        </List>
                    </Property>
                </Control>
                <Control id="pagination-control_id_999" type="pagination-control" visible="true">
                    <Property name="start" value="0"/>
                    <Property name="size" value="50"/>
                </Control>
                <Control id="metadata_id_1000" type="metadata" visible="false">
                    <Property name="maxPointsCount" value="5000"/>
                    <Property name="hideObjectNameColumn" value="false"/>
                    <Property name="listTopResultSize" value="-1"/>
                </Control>
            </Controls>
            <DataProviders>
                <DataProvider dataType="list-view" id="list-view_id_996"/>
            </DataProviders>
            <Presentation type="list"/>
        </ViewDef>
        <ViewDef id="74df0788-e09c-4175-90da-df7dc5539ec3">
            <Title>VMignite.com - Text vROPS Issues</Title>
            <Description/>
            <Usage>dashboard</Usage>
            <Usage>report</Usage>
            <Usage>content</Usage>
            <Controls>
                <Control id="time-interval-selector_id_945" type="time-interval-selector" visible="false">
                    <Property name="advancedTimeMode" value="false"/>
                    <Property name="unit" value="DAYS"/>
                    <Property name="count" value="7"/>
                </Control>
            </Controls>
            <Presentation type="text">
                <Properties>
                    <Property name="text" value="&lt;font style=&quot;background-color: rgb(0, 0, 0);&quot; size=&quot;6&quot; color=&quot;#00ffff&quot;&gt;&lt;b&gt;&amp;nbsp;vROPS Issues &amp;nbsp; &amp;nbsp; &amp;nbsp; &amp;nbsp;&lt;/b&gt; &amp;nbsp; &amp;nbsp; &amp;nbsp; &amp;nbsp; &amp;nbsp; &amp;nbsp; &amp;nbsp; &amp;nbsp; &amp;nbsp; &amp;nbsp; &amp;nbsp; &amp;nbsp; &amp;nbsp; &amp;nbsp; &amp;nbsp; &amp;nbsp; &amp;nbsp; &amp;nbsp; &amp;nbsp; &amp;nbsp; &amp;nbsp; &amp;nbsp; &amp;nbsp; &amp;nbsp; &amp;nbsp; &amp;nbsp; &amp;nbsp; &amp;nbsp; &amp;nbsp;&amp;nbsp;&lt;/font&gt;"/>
                </Properties>
            </Presentation>
        </ViewDef>
        <ViewDef id="7b4fcca5-f533-4b5f-98ba-5864e855825b">
            <Title>VMignite.com - vCenter Server Disk Partition</Title>
            <Description/>
            <SubjectType adapterKind="VMWARE" filter="[[{&quot;condition&quot;:&quot;GREATER_THAN&quot;,&quot;metricKey&quot;:&quot;guestfilesystem:/storage/autodeploy|capacity&quot;,&quot;metricValue&quot;:{&quot;isStringMetric&quot;:false,&quot;value&quot;:9},&quot;filterType&quot;:&quot;metrics&quot;}]]" resourceKind="VirtualMachine" type="descendant"/>
            <SubjectType adapterKind="VMWARE" filter="[[{&quot;condition&quot;:&quot;GREATER_THAN&quot;,&quot;metricKey&quot;:&quot;guestfilesystem:/storage/autodeploy|capacity&quot;,&quot;metricValue&quot;:{&quot;isStringMetric&quot;:false,&quot;value&quot;:9},&quot;filterType&quot;:&quot;metrics&quot;}]]" resourceKind="VirtualMachine" type="self"/>
            <Usage>dashboard</Usage>
            <Usage>report</Usage>
            <Usage>details</Usage>
            <Usage>content</Usage>
            <Controls>
                <Control id="time-interval-selector_id_1127" type="time-interval-selector" visible="false">
                    <Property name="advancedTimeMode" value="false"/>
                    <Property name="unit" value="DAYS"/>
                    <Property name="count" value="7"/>
                </Control>
                <Control id="attributes-selector_id_1128" type="attributes-selector" visible="false">
                    <Property name="attributeInfos">
                        <List>
                            <Item>
<Value>
    <Property name="objectType" value="RESOURCE"/>
    <Property name="attributeKey" value="Instance Name"/>
    <Property name="rollUpCount" value="0"/>
    <Property name="isInstancedGroup" value="true"/>
    <Property name="showInstanceName" value="true"/>
    <Property name="instanceGroupName" value="GROUP_guestfilesystem"/>
    <Property name="keepInstanceSummary" value="true"/>
    <Property name="displayName" value="Partition"/>
</Value>
                            </Item>
                            <Item>
<Value>
    <Property name="objectType" value="RESOURCE"/>
    <Property name="attributeKey" value="guestfilesystem:/|percentage"/>
    <Property name="preferredUnitId" value="percent"/>
    <Property name="isStringAttribute" value="false"/>
    <Property name="adapterKind" value="VMWARE"/>
    <Property name="resourceKind" value="VirtualMachine"/>
    <Property name="rollUpType" value="NONE"/>
    <Property name="rollUpCount" value="0"/>
    <Property name="transformations">
        <List>
            <Item value="CURRENT"/>
        </List>
    </Property>
    <Property name="sortCriteria" value="false"/>
    <Property name="isProperty" value="false"/>
    <Property name="yellowBound" value="85"/>
    <Property name="orangeBound" value="90"/>
    <Property name="redBound" value="95"/>
    <Property name="ascendingRange" value="false"/>
    <Property name="displayName" value="Disk Used %"/>
    <Property name="addTimestampAsColumn" value="false"/>
    <Property name="isShowRelativeTimestamp" value="false"/>
</Value>
                            </Item>
                            <Item>
<Value>
    <Property name="objectType" value="RESOURCE"/>
    <Property name="attributeKey" value="guestfilesystem:/|usage"/>
    <Property name="preferredUnitId" value="gb"/>
    <Property name="isStringAttribute" value="false"/>
    <Property name="adapterKind" value="VMWARE"/>
    <Property name="resourceKind" value="VirtualMachine"/>
    <Property name="rollUpType" value="NONE"/>
    <Property name="rollUpCount" value="0"/>
    <Property name="transformations">
        <List>
            <Item value="CURRENT"/>
        </List>
    </Property>
    <Property name="isProperty" value="false"/>
    <Property name="displayName" value="Used Disk"/>
    <Property name="addTimestampAsColumn" value="false"/>
    <Property name="isShowRelativeTimestamp" value="false"/>
</Value>
                            </Item>
                            <Item>
<Value>
    <Property name="objectType" value="RESOURCE"/>
    <Property name="attributeKey" value="guestfilesystem:/|capacity"/>
    <Property name="preferredUnitId" value="gb"/>
    <Property name="isStringAttribute" value="false"/>
    <Property name="adapterKind" value="VMWARE"/>
    <Property name="resourceKind" value="VirtualMachine"/>
    <Property name="rollUpType" value="NONE"/>
    <Property name="rollUpCount" value="0"/>
    <Property name="transformations">
        <List>
            <Item value="CURRENT"/>
        </List>
    </Property>
    <Property name="isProperty" value="false"/>
    <Property name="displayName" value="Total Disk"/>
    <Property name="addTimestampAsColumn" value="false"/>
    <Property name="isShowRelativeTimestamp" value="false"/>
</Value>
                            </Item>
                        </List>
                    </Property>
                </Control>
                <Control id="pagination-control_id_1129" type="pagination-control" visible="true">
                    <Property name="start" value="0"/>
                    <Property name="size" value="50"/>
                </Control>
                <Control id="metadata_id_1130" type="metadata" visible="false">
                    <Property name="maxPointsCount" value="5000"/>
                    <Property name="hideObjectNameColumn" value="false"/>
                    <Property name="listTopResultSize" value="-1"/>
                </Control>
            </Controls>
            <DataProviders>
                <DataProvider dataType="list-view" id="list-view_id_1126"/>
            </DataProviders>
            <Presentation type="list"/>
        </ViewDef>
        <ViewDef id="b4ed6e88-3b3a-44fe-bee4-00b312ea4657">
            <Title>VMignite.com - Text vCenter Issues</Title>
            <Description/>
            <Usage>dashboard</Usage>
            <Usage>report</Usage>
            <Usage>content</Usage>
            <Controls>
                <Control id="time-interval-selector_id_941" type="time-interval-selector" visible="false">
                    <Property name="advancedTimeMode" value="false"/>
                    <Property name="unit" value="DAYS"/>
                    <Property name="count" value="7"/>
                </Control>
            </Controls>
            <Presentation type="text">
                <Properties>
                    <Property name="text" value="&lt;font style=&quot;background-color: rgb(0, 0, 0);&quot; size=&quot;6&quot; color=&quot;#00ffff&quot;&gt;&lt;b&gt;&amp;nbsp;vCenter Issues &amp;nbsp; &amp;nbsp; &amp;nbsp; &amp;nbsp; &amp;nbsp; &amp;nbsp; &amp;nbsp; &amp;nbsp;&amp;nbsp;&amp;nbsp; &amp;nbsp;&lt;/b&gt; &amp;nbsp; &amp;nbsp; &amp;nbsp; &amp;nbsp; &amp;nbsp; &amp;nbsp; &amp;nbsp; &amp;nbsp; &amp;nbsp; &amp;nbsp; &amp;nbsp; &amp;nbsp; &amp;nbsp; &amp;nbsp; &amp;nbsp; &amp;nbsp; &amp;nbsp; &amp;nbsp; &amp;nbsp; &amp;nbsp; &amp;nbsp; &amp;nbsp; &amp;nbsp; &amp;nbsp; &amp;nbsp; &amp;nbsp; &amp;nbsp; &amp;nbsp; &amp;nbsp; &lt;br&gt;&lt;/font&gt;"/>
                </Properties>
            </Presentation>
        </ViewDef>
        <ViewDef id="5f36ff66-6d29-48c1-a0af-644cf9f6d18c">
            <Title>VMignite.com - vROPs Adapters Down</Title>
            <Description/>
            <SubjectType adapterKind="System" filter="[[{&quot;filterType&quot;:&quot;metrics&quot;,&quot;metricKey&quot;:&quot;definitionName&quot;,&quot;condition&quot;:&quot;CONTAINS&quot;,&quot;metricValue&quot;:{&quot;values&quot;:[&quot;adapter instance&quot;]}},{&quot;filterType&quot;:&quot;metrics&quot;,&quot;metricKey&quot;:&quot;status&quot;,&quot;condition&quot;:&quot;EQUALS&quot;,&quot;metricValue&quot;:{&quot;values&quot;:[&quot;ALERT_STATUS_ACTIVE&quot;]}}]]" resourceKind="alert" type="descendant"/>
            <SubjectType adapterKind="System" filter="[[{&quot;filterType&quot;:&quot;metrics&quot;,&quot;metricKey&quot;:&quot;definitionName&quot;,&quot;condition&quot;:&quot;CONTAINS&quot;,&quot;metricValue&quot;:{&quot;values&quot;:[&quot;adapter instance&quot;]}},{&quot;filterType&quot;:&quot;metrics&quot;,&quot;metricKey&quot;:&quot;status&quot;,&quot;condition&quot;:&quot;EQUALS&quot;,&quot;metricValue&quot;:{&quot;values&quot;:[&quot;ALERT_STATUS_ACTIVE&quot;]}}]]" resourceKind="alert" type="self"/>
            <Usage>dashboard</Usage>
            <Usage>report</Usage>
            <Usage>details</Usage>
            <Usage>content</Usage>
            <Controls>
                <Control id="time-interval-selector_id_967" type="time-interval-selector" visible="false">
                    <Property name="advancedTimeMode" value="false"/>
                    <Property name="unit" value="DAYS"/>
                    <Property name="count" value="90"/>
                </Control>
                <Control id="attributes-selector_id_968" type="attributes-selector" visible="false">
                    <Property name="attributeInfos">
                        <List>
                            <Item>
<Value>
    <Property name="objectType" value="RESOURCE"/>
    <Property name="attributeKey" value="resourceName"/>
    <Property name="isStringAttribute" value="true"/>
    <Property name="adapterKind" value="System"/>
    <Property name="resourceKind" value="alert"/>
    <Property name="rollUpCount" value="0"/>
    <Property name="transformations">
        <List>
            <Item value="CURRENT"/>
        </List>
    </Property>
    <Property name="isProperty" value="false"/>
    <Property name="addTimestampAsColumn" value="false"/>
    <Property name="isShowRelativeTimestamp" value="false"/>
</Value>
                            </Item>
                            <Item>
<Value>
    <Property name="objectType" value="RESOURCE"/>
    <Property name="attributeKey" value="creationDate"/>
    <Property name="isStringAttribute" value="true"/>
    <Property name="adapterKind" value="System"/>
    <Property name="resourceKind" value="alert"/>
    <Property name="rollUpCount" value="0"/>
    <Property name="transformations">
        <List>
            <Item value="CURRENT"/>
        </List>
    </Property>
    <Property name="isProperty" value="false"/>
    <Property name="addTimestampAsColumn" value="false"/>
    <Property name="isShowRelativeTimestamp" value="false"/>
</Value>
                            </Item>
                            <Item>
<Value>
    <Property name="objectType" value="RESOURCE"/>
    <Property name="attributeKey" value="duration"/>
    <Property name="isStringAttribute" value="true"/>
    <Property name="adapterKind" value="System"/>
    <Property name="resourceKind" value="alert"/>
    <Property name="rollUpCount" value="0"/>
    <Property name="transformations">
        <List>
            <Item value="CURRENT"/>
        </List>
    </Property>
    <Property name="isProperty" value="false"/>
    <Property name="addTimestampAsColumn" value="false"/>
    <Property name="isShowRelativeTimestamp" value="false"/>
</Value>
                            </Item>
                        </List>
                    </Property>
                </Control>
                <Control id="pagination-control_id_969" type="pagination-control" visible="true">
                    <Property name="start" value="0"/>
                    <Property name="size" value="50"/>
                </Control>
                <Control id="metadata_id_970" type="metadata" visible="false">
                    <Property name="maxPointsCount" value="5000"/>
                    <Property name="hideObjectNameColumn" value="false"/>
                    <Property name="listTopResultSize" value="-1"/>
                </Control>
            </Controls>
            <DataProviders>
                <DataProvider dataType="list-view" id="list-view_id_966"/>
            </DataProviders>
            <Presentation type="list"/>
        </ViewDef>
        <ViewDef id="c5155fad-1a72-4343-a81a-341c55338403">
            <Title>VMignite.com - vCenter Alerts</Title>
            <Description/>
            <SubjectType adapterKind="System" filter="[[{&quot;filterType&quot;:&quot;metrics&quot;,&quot;metricKey&quot;:&quot;objectType&quot;,&quot;condition&quot;:&quot;EQUALS&quot;,&quot;originalIdValue&quot;:&quot;002006VMWAREVMwareAdapter Instance&quot;,&quot;metricValue&quot;:{&quot;values&quot;:[&quot;vCenter Server&quot;]}},{&quot;filterType&quot;:&quot;metrics&quot;,&quot;metricKey&quot;:&quot;status&quot;,&quot;condition&quot;:&quot;EQUALS&quot;,&quot;metricValue&quot;:{&quot;values&quot;:[&quot;ALERT_STATUS_ACTIVE&quot;]}},{&quot;filterType&quot;:&quot;metrics&quot;,&quot;metricKey&quot;:&quot;definitionName&quot;,&quot;condition&quot;:&quot;NOT_CONTAINS&quot;,&quot;metricValue&quot;:{&quot;values&quot;:[&quot;adapter&quot;]}}]]" resourceKind="alert" type="descendant"/>
            <SubjectType adapterKind="System" filter="[[{&quot;filterType&quot;:&quot;metrics&quot;,&quot;metricKey&quot;:&quot;objectType&quot;,&quot;condition&quot;:&quot;EQUALS&quot;,&quot;originalIdValue&quot;:&quot;002006VMWAREVMwareAdapter Instance&quot;,&quot;metricValue&quot;:{&quot;values&quot;:[&quot;vCenter Server&quot;]}},{&quot;filterType&quot;:&quot;metrics&quot;,&quot;metricKey&quot;:&quot;status&quot;,&quot;condition&quot;:&quot;EQUALS&quot;,&quot;metricValue&quot;:{&quot;values&quot;:[&quot;ALERT_STATUS_ACTIVE&quot;]}},{&quot;filterType&quot;:&quot;metrics&quot;,&quot;metricKey&quot;:&quot;definitionName&quot;,&quot;condition&quot;:&quot;NOT_CONTAINS&quot;,&quot;metricValue&quot;:{&quot;values&quot;:[&quot;adapter&quot;]}}]]" resourceKind="alert" type="self"/>
            <Usage>dashboard</Usage>
            <Usage>report</Usage>
            <Usage>details</Usage>
            <Usage>content</Usage>
            <Controls>
                <Control id="time-interval-selector_id_1017" type="time-interval-selector" visible="false">
                    <Property name="advancedTimeMode" value="false"/>
                    <Property name="unit" value="DAYS"/>
                    <Property name="count" value="7"/>
                </Control>
                <Control id="attributes-selector_id_1018" type="attributes-selector" visible="false">
                    <Property name="attributeInfos">
                        <List>
                            <Item>
<Value>
    <Property name="objectType" value="RESOURCE"/>
    <Property name="attributeKey" value="resourceName"/>
    <Property name="isStringAttribute" value="true"/>
    <Property name="adapterKind" value="System"/>
    <Property name="resourceKind" value="alert"/>
    <Property name="rollUpCount" value="0"/>
    <Property name="transformations">
        <List>
            <Item value="CURRENT"/>
        </List>
    </Property>
    <Property name="isProperty" value="false"/>
    <Property name="addTimestampAsColumn" value="false"/>
    <Property name="isShowRelativeTimestamp" value="false"/>
</Value>
                            </Item>
                            <Item>
<Value>
    <Property name="objectType" value="RESOURCE"/>
    <Property name="attributeKey" value="criticalityLevel"/>
    <Property name="isStringAttribute" value="true"/>
    <Property name="adapterKind" value="System"/>
    <Property name="resourceKind" value="alert"/>
    <Property name="rollUpCount" value="0"/>
    <Property name="transformations">
        <List>
            <Item value="CURRENT"/>
        </List>
    </Property>
    <Property name="isProperty" value="false"/>
    <Property name="addTimestampAsColumn" value="false"/>
    <Property name="isShowRelativeTimestamp" value="false"/>
</Value>
                            </Item>
                            <Item>
<Value>
    <Property name="objectType" value="RESOURCE"/>
    <Property name="attributeKey" value="creationDate"/>
    <Property name="isStringAttribute" value="true"/>
    <Property name="adapterKind" value="System"/>
    <Property name="resourceKind" value="alert"/>
    <Property name="rollUpCount" value="0"/>
    <Property name="transformations">
        <List>
            <Item value="CURRENT"/>
        </List>
    </Property>
    <Property name="isProperty" value="false"/>
    <Property name="addTimestampAsColumn" value="false"/>
    <Property name="isShowRelativeTimestamp" value="false"/>
</Value>
                            </Item>
                            <Item>
<Value>
    <Property name="objectType" value="RESOURCE"/>
    <Property name="attributeKey" value="duration"/>
    <Property name="isStringAttribute" value="true"/>
    <Property name="adapterKind" value="System"/>
    <Property name="resourceKind" value="alert"/>
    <Property name="rollUpCount" value="0"/>
    <Property name="transformations">
        <List>
            <Item value="CURRENT"/>
        </List>
    </Property>
    <Property name="isProperty" value="false"/>
    <Property name="addTimestampAsColumn" value="false"/>
    <Property name="isShowRelativeTimestamp" value="false"/>
</Value>
                            </Item>
                            <Item>
<Value>
    <Property name="objectType" value="RESOURCE"/>
    <Property name="attributeKey" value="status"/>
    <Property name="isStringAttribute" value="true"/>
    <Property name="adapterKind" value="System"/>
    <Property name="resourceKind" value="alert"/>
    <Property name="rollUpCount" value="0"/>
    <Property name="transformations">
        <List>
            <Item value="CURRENT"/>
        </List>
    </Property>
    <Property name="isProperty" value="false"/>
    <Property name="addTimestampAsColumn" value="false"/>
    <Property name="isShowRelativeTimestamp" value="false"/>
</Value>
                            </Item>
                        </List>
                    </Property>
                </Control>
                <Control id="pagination-control_id_1019" type="pagination-control" visible="true">
                    <Property name="start" value="0"/>
                    <Property name="size" value="50"/>
                </Control>
                <Control id="metadata_id_1020" type="metadata" visible="false">
                    <Property name="maxPointsCount" value="5000"/>
                    <Property name="hideObjectNameColumn" value="false"/>
                    <Property name="listTopResultSize" value="-1"/>
                </Control>
            </Controls>
            <DataProviders>
                <DataProvider dataType="list-view" id="list-view_id_1016"/>
            </DataProviders>
            <Presentation type="list"/>
        </ViewDef>
    </Views>
</Content>
